z,kinematic_sin,linear_theta,linear_uz,fem_mean_utheta_over_r,fem_theta_fit,fem_mean_uz,fem_mean_J
0.018987341772151899,0.0049708539805272687,0.0049708744518825844,0.0094936708860759497,0.0054635614477233875,0.0055156140680973145,0.010973907801868065,1.3566286772434342
0.056962025316455694,0.014912070634517256,0.014912623355647752,0.028481012658227847,0.013667602041701919,0.01408291301084528,0.027932983320915664,1.3212105775396317
0.0949367088607595,0.02485181341587319,0.024854372259412921,0.04746835443037975,0.021889334342243393,0.022967425952787203,0.045905375076394785,1.2857924778358292
0.13291139240506328,0.034789099904699534,0.034796121163178088,0.066455696202531639,0.030193543313078417,0.032106064979635959,0.064202519930473684,1.2664490124789034
0.17088607594936711,0.044722947923874712,0.044737870066943262,0.085443037974683556,0.038570890099827164,0.041449463256094082,0.082619921867830959,1.2559628771786511
0.20886075949367089,0.054652375636127064,0.054679618970708423,0.10443037974683544,0.047025157571791508,0.05094631797759578,0.10113556567115889,1.2524825194094891
0.24683544303797469,0.064576401641077308,0.064621367874473604,0.12341772151898735,0.055555841512240467,0.060556385983759627,0.11972145512146476,1.2490021616403273
0.2848101265822785,0.074494045072237683,0.074563116778238764,0.14240506329113925,0.064184086165805662,0.070248692717238687,0.13836892965323036,1.24420054815033
0.32278481012658228,0.084404325693958435,0.084504865682003924,0.16139240506329114,0.072865520379185797,0.080001558484384949,0.15704109058054364,1.2410962314542602
0.36075949367088611,0.094306263998311948,0.094446614585769098,0.18037974683544306,0.081595468335531551,0.089795807117579923,0.17573311179644924,1.2401199495857174
0.39873417721518989,0.10419888130190481,0.10438836348953427,0.19936708860759494,0.090363408871346307,0.099618943520205713,0.19443809746915294,1.2391436677171743
0.43670886075949367,0.1140811998426086,0.11433011239329943,0.21835443037974683,0.099167222264956958,0.10946181561228253,0.2131534554599763,1.237948275593485
0.47468354430379744,0.12395224287619945,0.12427186129706459,0.23734177215189872,0.10798595300546103,0.11931841935450849,0.23187295415251699,1.2372289382035266
0.51265822784810133,0.1338110347728971,0.13421361020082978,0.25632911392405067,0.11681575761584985,0.12918401324438786,0.25059572944432468,1.2370147325118985
0.55063291139240511,0.14365660111379366,0.14415535910459495,0.27531645569620256,0.12565078811730246,0.139055712231474,0.26932049095374011,1.23680052682027
0.58860759493670889,0.15348796878716292,0.1540971080083601,0.29430379746835444,0.13448480368031893,0.14893136286969025,0.28804677059581368,1.2365506830733601
0.62658227848101267,0.16330416608464032,0.16403885691212527,0.31329113924050633,0.14625573064705447,0.16210284815525278,0.31301606919482378,1.2364076793228636
0.66455696202531644,0.17310422279726412,0.17398060581589045,0.33227848101265822,0.15507369232462156,0.17198324608937568,0.33174351480716674,1.2363271333002264
0.70253164556962022,0.18288717031136859,0.1839223547196556,0.35126582278481011,0.16388054062535184,0.18186462702182818,0.35047118853497655,1.2363046630046011
0.74050632911392411,0.1926520417043194,0.1938641036234208,0.37025316455696206,0.17267560132592452,0.19174666000696866,0.36919898187592071,1.2362821927089758
0.77848101265822789,0.20239787184008187,0.20380585252718597,0.38924050632911394,0.18145204031739967,0.20162902073778977,0.38792685535264598,1.2362568592622958
0.81645569620253167,0.21212369746461263,0.21374760143095115,0.40822784810126583,0.19021371497102812,0.21151158796016045,0.40665475758677044,1.2362469070087641
0.85443037974683544,0.22182855730106538,0.22368935033471629,0.42721518987341772,0.19895753276323191,0.22139435985143358,0.42538267848802985,1.2362418729098206
0.89240506329113922,0.23151149214480105,0.23363109923848144,0.44620253164556961,0.20768452962131753,0.2312772576815989,0.44411060619973292,1.2362368388108771
0.93037974683544311,0.24117154495819343,0.24357284814224664,0.46518987341772156,0.21638747003811465,0.24116014750883114,0.46283853591197249,1.236233132605919
0.96835443037974689,0.25080776096522012,0.25351459704601181,0.48417721518987344,0.22507186638836948,0.25104304109138786,0.48156646505059925,1.2362304653684484
1.0063291139240507,0.26041918774583045,0.26345634594977696,0.50316455696202533,0.23373380976807123,0.26092601879714777,0.5002943926443254,1.2362299993972174
1.0443037974683547,0.2700048753300805,0.27339809485354222,0.52215189873417733,0.2423754546642268,0.27080903343133439,0.51902231858832426,1.2362295334259867
1.0822784810126582,0.27956387629202534,0.28333984375730731,0.54113924050632911,0.25098915959817342,0.28069198561165548,0.53775024257142234,1.236228914428515
1.1202531645569622,0.28909524584336099,0.29328159266107251,0.56012658227848111,0.25958121192480793,0.29057491930017126,0.55647816533184613,1.2362291525975773
1.1582278481012658,0.29859804192680417,0.3032233415648376,0.57911392405063289,0.26814664444834174,0.30045792460573284,0.5752060868777038,1.2362296160589807
1.1962025316455698,0.30807132530920384,0.3131650904686028,0.59810126582278489,0.27952719056345937,0.31363523303324503,0.60017664767632206,1.236229539691009
1.2341772151898733,0.31751415967437174,0.32310683937236795,0.61708860759493667,0.28803298637180358,0.32351825651267269,0.61890456759306711,1.2362289998616338
1.2721518987341773,0.32692561171562656,0.33304858827613315,0.63607594936708867,0.29650635949380361,0.33340120687965424,0.63763248703469866,1.2362292134642816
1.3101265822784809,0.33630475122803882,0.3429903371798983,0.65506329113924044,0.30495417046824103,0.34328414565984494,0.65636040621389136,1.2362289540957039
1.3481012658227849,0.34565065120037075,0.3529320860836635,0.67405063291139244,0.31336978701995061,0.353167158235002,0.67508832515979866,1.2362288664601744
1.3860759493670884,0.35496238790669926,0.36287383498742859,0.69303797468354422,0.32175799381911363,0.3630501784364264,0.69381624397847119,1.2362287788246447
1.4240506329113924,0.36423904099771531,0.37281558389119379,0.71202531645569622,0.33011069045004032,0.37293312376148541,0.71254416269541976,1.2362282190165372
1.4620253164556964,0.37347969359168859,0.38275733279495899,0.73101265822784822,0.33843495679181751,0.3828160652065476,0.73127208136313626,1.2362297542562353
1.5,0.38268343236508978,0.39269908169872414,0.75,0.34672274620205384,0.39269908170113299,0.74999999999998035,1.2362292047758396
1.537974683544304,0.39184934764286167,0.40264083060248934,0.768987341772152,0.35498018127801778,0.40258209819571716,0.76872791863682466,1.2362286552954442
1.5759493670886076,0.40097653348832873,0.41258257950625449,0.78797468354430378,0.36319922451826692,0.41246503964077669,0.78745583730454161,1.2362304094074534
1.6139240506329116,0.41006408779273829,0.42252432841001969,0.80696202531645578,0.37138701395868434,0.42234798496583048,0.80618375602149062,1.2362283445141133
1.6518987341772151,0.41911111236442183,0.43246607731378478,0.82594936708860756,0.37953395489305713,0.43223100516724838,0.82491167484016392,1.2362284321517465
1.6898734177215191,0.42811671301757115,0.44240782621754998,0.84493670886075956,0.38764764540281949,0.44211401774239623,0.84363959378607245,1.2362285197893796
1.7278481012658227,0.43707999966061661,0.45234957512131513,0.86392405063291133,0.39572026854216524,0.45199695652257582,0.86236751296526626,1.236229475545614
1.7658227848101267,0.44600008638420219,0.46229132402508033,0.88291139240506333,0.40375886373213765,0.46187990688954372,0.88109543240689947,1.2362274201259422
1.8037974683544302,0.45487609154874609,0.47223307292884548,0.90189873417721511,0.41175216227552919,0.47176293036895539,0.89982335232364596,1.2362278094790589
1.8417721518987342,0.46370713787158052,0.48217482183261068,0.92088607594936711,0.42235107393172849,0.48494023879644199,0.92479391312226689,1.2362292029874309
1.8797468354430382,0.4724923525136594,0.49211657073637588,0.93987341772151911,0.43025335091342948,0.49482324410198103,0.94352183466812656,1.2362302071426861
1.9177215189873418,0.48123086716582819,0.50205831964014103,0.95886075949367089,0.43811134958741116,0.50470617779047111,0.96224975742855268,1.2362290899443544
1.9556962025316458,0.48992181813464536,0.51200006854390623,0.97784810126582289,0.44593175013396219,0.51458912997076312,0.98097768141165353,1.236229272207173
1.9936708860759493,0.49856434642774738,0.52194181744767132,0.99683544303797467,0.45370092250421995,0.52447214460491676,0.99970560735565484,1.2362290652739565
2.0316455696202533,0.50715759783875014,0.53188356635143652,1.0158227848101267,0.46143046165148732,0.53435512231063964,1.018433534949384,1.2362288583407397
2.0696202531645573,0.5157007230316758,0.54182531525520172,1.0348101265822787,0.46911381611517006,0.54423801589315479,1.0371614640880136,1.2362328310590163
2.1075949367088609,0.52419287762489941,0.55176706415896681,1.0537974683544304,0.47675729292796004,0.55412090572034078,1.055889393800256,1.2362357282274155
2.1455696202531644,0.53263322227460597,0.56170881306273202,1.0727848101265822,0.4843457760278036,0.56400380355045365,1.0746173215119623,1.2362388051250079
2.1835443037974684,0.54102092275774849,0.57165056196649722,1.0917721518987342,0.4918930090517028,0.57388657544166843,1.0933452424132248,1.2362418820226007
2.2215189873417724,0.54935515005450075,0.58159231087026242,1.1107594936708862,0.49939401387800614,0.58376914266397362,1.1120731446473526,1.2362569242477803
2.259493670886076,0.55763508043019572,0.59153405977402751,1.129746835443038,0.50685497664183232,0.5936515033947225,1.1308010181240811,1.2362824181038059
2.2974683544303796,0.56585989551674154,0.6014758086777926,1.1487341772151898,0.51426180712227143,0.60353353637977947,1.1495288114650284,1.2363042153111781
2.3354430379746836,0.57402878239350674,0.6114175575815578,1.1677215189873418,0.52163160658093843,0.61341491731213926,1.1682564851928412,1.23632601251855
2.3734177215189876,0.5821409336676675,0.621359306485323,1.1867088607594938,0.52896474950583361,0.62329531524615744,1.186983930805187,1.236407932068655
2.4113924050632911,0.59019554755400838,0.63130105538908821,1.2056962025316456,0.53869502583640794,0.63646680053155913,1.2119532294042008,1.2365507775035571
2.4493670886075951,0.59819182795416881,0.64124280429285341,1.2246835443037976,0.54597218040167883,0.64634245116963907,1.2306795090462768,1.2368004531892329
2.4873417721518987,0.60612898453532738,0.6511845531966185,1.2436708860759493,0.55324946941401409,0.65621415015656603,1.2494042705556943,1.2370127209791835
2.5253164556962027,0.6140062328083169,0.6611263021003837,1.2626582278481013,0.56055748283803253,0.66607974404626835,1.2681270458475036,1.2372249887691342
2.5632911392405067,0.6218227942051604,0.6710680510041489,1.2816455696202533,0.56793377834367187,0.67593634778829781,1.2868465445400459,1.2379489061452202
2.6012658227848102,0.62957789615602422,0.6810097999079141,1.3006329113924051,0.57540589952662613,0.68577921988015955,1.3055619025308698,1.2391545748425099
2.6392405063291138,0.63727077216557537,0.69095154881167919,1.3196202531645569,0.58313501656017619,0.6956023562825423,1.3242668882035733,1.2401259773688091
2.6772151898734178,0.64490066188874184,0.7008932977154444,1.3386075949367089,0.59118009883068146,0.70539660491547784,1.3429589094194772,1.2410973798951084
2.7151898734177218,0.65246681120586147,0.7108350466192096,1.3575949367088609,0.59968407437125715,0.71514947068235057,1.3616310703467882,1.2441972873723601
2.7531645569620253,0.65996847229721867,0.7207767955229748,1.3765822784810127,0.60873779039789477,0.72484177741554601,1.3802785448785506,1.2489918478983697
2.7911392405063289,0.66740490371695615,0.73071854442673978,1.3955696202531644,0.61903657253345612,0.73445184542141806,1.3988644343288517,1.252505609476867
2.8291139240506329,0.67477537046635849,0.74066029333050498,1.4145569620253164,0.63061628721269514,0.74394870014263026,1.4173800781321744,1.2560193710553642
2.8670886075949369,0.68207914406649672,0.75060204223427018,1.4335443037974684,0.64377680870071252,0.75329209841880385,1.4357974800695281,1.2664695825321668
2.9050632911392409,0.68931550263023011,0.76054379113803539,1.4525316455696204,0.65870281003972908,0.76243073744537526,1.4540946249236051,1.2858199762579352
2.9430379746835444,0.69648373093355509,0.77048554004180059,1.4715189873417722,0.67660182795498403,0.77131525038704485,1.4720670166790859,1.3212011963225305
2.981012658227848,0.70358312048629701,0.78042728894556568,1.490506329113924,0.69483841190674311,0.77988254932952483,1.4890260921981329,1.3565824163871258
